<?xml version="1.0" encoding="UTF-8"?>
<!DOCTYPE mapper
	PUBLIC "-//mybatis.org//DTD Mapper 3.0//EN"
	"http://mybatis.org/dtd/mybatis-3-mapper.dtd">

<mapper namespace="com.peisia.spring.mi.mapper.GuestMapper">
	
	<!-- 
		방문자 목록 조회 쿼리
		- tbl_guest 테이블에서 데이터를 조회하며, 특정 페이지를 표시하기 위해 limit 절을 사용합니다.
		- #{limitIndex}: 조회 시작 위치를 결정하며, 한 페이지에 5개의 항목을 표시합니다.
	-->
	<select id="getList" resultType="com.peisia.dto.GuestDto">
		select * from tbl_guest limit #{limitIndex}, 5
	</select>

	<!-- 
		검색 결과 조회 쿼리
- tbl_guest 테이블에서 btext 컬럼에 검색어가 포함된 항목들을 조회합니다.
- 검색어는 `like`와 `concat`을 통해 부분 일치로 검색하며, 페이지네이션을 위해 limit을 적용합니다.
	-->
	<select id="listSearch" resultType="com.peisia.dto.GuestDto">
		select * from tbl_guest
		where btext like concat('%', #{search}, '%')
		limit #{limitIndex}, 5
	</select>

	<!-- 
		전체 방문자 수 조회 쿼리
		- tbl_guest 테이블에서 방문자 수를 카운트하여 반환합니다.
		- #{limitIndex}: 시작 위치를 지정해 해당 위치부터 카운트합니다.
	-->
	<select id="getCount" resultType="int">
		select count(*) from tbl_guest
		limit #{limitIndex}, 5
	</select>

	<!-- 
		특정 방문자 조회 쿼리
		- tbl_guest 테이블에서 주어진 bno(글 번호)에 해당하는 방문자의 상세 정보를 조회합니다.
	-->
	<select id="read" resultType="com.peisia.dto.GuestDto">
		select * from tbl_guest where bno = #{bno}
	</select>

	<!-- 
		방문자 삭제 쿼리
		- tbl_guest 테이블에서 주어진 bno(글 번호)에 해당하는 방문자 데이터를 삭제합니다.
	-->
	<delete id="del">
		delete from tbl_guest where bno = #{bno}
	</delete>

	<!-- 
		방문자 작성 쿼리
		- tbl_guest 테이블에 새 방문자 데이터를 삽입합니다.
		- #{btext}: 작성된 방문자 메시지 텍스트를 저장합니다.
	-->
	<insert id="write">
		insert into tbl_guest (btext) values (#{btext})
	</insert>

	<!-- 
		방문자 정보 수정 쿼리
		- tbl_guest 테이블에서 특정 bno(글 번호)에 해당하는 방문자의 텍스트(btext)를 수정합니다.
	-->
	<update id="modify">
		update tbl_guest
		set btext = #{btext}
		where bno = #{bno}
	</update>
</mapper>
